price;lagged_price_24h;lagged_price_25h;lagged_price_26h;lagged_price_27h;lagged_price_7d;lagged_price_24h_mean_24h;lagged_price_24h_mean_7d
85.09;0.01;-0.11;0.87;2.63;19.57;15.9995833333321;56.12285714285701
85.02;0.31;0.01;-0.11;0.87;17.15;13.907499999998768;55.94999999999986
85.01;-0.06;0.31;0.01;-0.11;16.18;12.6583333333321;55.77130952380939
79.1;-0.16;-0.06;0.31;0.01;26.07;11.572499999998767;55.59172619047606
79.08;-0.59;-0.16;-0.06;0.31;59.98;10.477499999998766;55.40702380952367
85.01;-0.16;-0.59;-0.16;-0.06;80.02;9.408749999998767;55.215952380952245
84.64;72.49;-0.16;-0.59;-0.16;70.01;10.829999999998767;55.43863095238081
77.92;106.84;72.49;-0.16;-0.59;70.02;12.7833333333321;55.81886904761892
55.12;93.31;106.84;72.49;-0.16;59.92;15.008749999998768;56.11988095238082
6.97;65.77;93.31;106.84;72.49;58.07;16.776666666665434;56.281071428571295
0.79;20.34;65.77;93.31;106.84;36.5;17.41666666666543;56.175416666666536
0.0;1.96;20.34;65.77;93.31;30.2;17.452916666665434;55.978869047618915
-0.58;0.34;1.96;20.34;65.77;24.33;17.473749999998766;55.77749999999986
-0.88;0.01;0.34;1.96;20.34;14.53;17.498749999998765;55.583452380952245
-0.91;0.02;0.01;0.34;1.96;13.34;17.532083333332096;55.39446428571415
-0.07;19.08;0.02;0.01;0.34;25.4;18.334583333332095;55.31678571428558
2.98;63.89;19.08;0.02;0.01;30.01;20.868333333332096;55.49297619047605
30.92;83.82;63.89;19.08;0.02;77.46;23.52791666666543;55.741488095237955
78.43;103.37;83.82;63.89;19.08;95.65;27.00374999999876;55.87791666666652
99.24;132.99;103.37;83.82;63.89;121.92;32.15249999999876;56.09214285714271
119.56;166.63;132.99;103.37;83.82;132.15;38.89999999999876;56.44333333333319
101.0;133.04;166.63;132.99;103.37;110.83;44.33374999999876;56.608630952380814
84.19;85.8;133.04;166.63;132.99;88.09;47.87249999999876;56.761904761904624
25.21;69.82;85.8;133.04;166.63;81.59;50.78624999999875;57.024285714285575
24.36;85.09;69.82;85.8;133.04;90.58;54.331249999998754;57.414285714285576
19.25;85.02;85.09;69.82;85.8;84.82;57.86083333333209;57.818273809523674
43.45;85.01;85.02;85.09;69.82;83.52;61.40541666666542;58.227976190476056
40.23;79.1;85.01;85.02;85.09;80.49;64.70791666666541;58.54363095238082
45.22;79.08;79.1;85.01;85.02;74.74;68.02749999999874;58.6573214285713
42.46;85.01;79.08;79.1;85.01;71.13;71.57624999999875;58.68702380952368
17.19;84.64;85.01;79.08;79.1;61.75;72.08249999999875;58.774107142857005
4.67;77.92;84.64;85.01;79.08;51.74;70.87749999999876;58.82113095238081
1.48;55.12;77.92;84.64;85.01;37.18;69.28624999999876;58.792559523809395
-1.23;6.97;55.12;77.92;84.64;25.63;66.83624999999876;58.48839285714272
-2.57;0.79;6.97;55.12;77.92;9.33;66.02166666666542;58.2758333333332
-4.07;0.0;0.79;6.97;55.12;3.59;65.93999999999876;58.09607142857129
-5.09;-0.58;0.0;0.79;6.97;3.18;65.90166666666543;57.947797619047485
-6.58;-0.88;-0.58;0.0;0.79;1.94;65.86458333333209;57.8560714285713
-5.16;-0.91;-0.88;-0.58;0.0;1.9;65.82583333333208;57.77124999999987
-2.09;-0.07;-0.91;-0.88;-0.58;4.27;65.02791666666543;57.61964285714273
-0.09;2.98;-0.07;-0.91;-0.88;4.9;62.48999999999876;57.45874999999987
2.59;30.92;2.98;-0.07;-0.91;32.0;60.2858333333321;57.18172619047606
24.72;78.43;30.92;2.98;-0.07;86.5;59.246666666665426;57.07922619047607
63.62;99.24;78.43;30.92;2.98;93.93;57.840416666665426;56.944226190476066
73.92;119.56;99.24;78.43;30.92;109.23;55.879166666665434;56.86928571428559
55.4;101.0;119.56;99.24;78.43;104.94;54.54416666666543;56.81077380952369
43.53;84.19;101.0;119.56;99.24;40.06;54.477083333332104;56.7875595238094
34.75;25.21;84.19;101.0;119.56;24.11;52.61833333333211;56.451964285714155
26.2;24.36;25.21;84.19;101.0;26.92;50.08791666666544;56.05779761904749
25.25;19.25;24.36;25.21;84.19;25.74;47.347499999998774;55.667499999999876
25.01;43.45;19.25;24.36;25.21;25.16;45.61583333333211;55.428988095237976
24.11;40.23;43.45;19.25;24.36;24.95;43.996249999998774;55.189345238095115
26.36;45.22;40.23;43.45;19.25;27.89;42.58541666666544;55.01363095238083
36.65;42.46;45.22;40.23;43.45;74.02;40.81249999999877;54.842976190476065
48.84;17.19;42.46;45.22;40.23;104.52;38.00208333333211;54.577738095237976
100.95;4.67;17.19;42.46;45.22;130.26;34.949999999998774;54.297559523809404
76.59;1.48;4.67;17.19;42.46;100.46;32.714999999998774;54.0850595238094
37.59;-1.23;1.48;4.67;17.19;85.67;32.373333333332106;53.925178571428454
18.19;-2.57;-1.23;1.48;4.67;71.92;32.233333333332105;53.85434523809512
7.04;-4.07;-2.57;-1.23;1.48;64.27;32.06374999999877;53.80874999999988
1.59;-5.09;-4.07;-2.57;-1.23;64.17;31.875833333332107;53.75952380952369
1.01;-6.58;-5.09;-4.07;-2.57;60.87;31.638333333332103;53.70880952380941
0.3;-5.16;-6.58;-5.09;-4.07;59.91;31.46124999999877;53.666785714285595
1.51;-2.09;-5.16;-6.58;-5.09;68.19;31.377083333332106;53.62892857142845
17.19;-0.09;-2.09;-5.16;-6.58;79.66;31.249166666665435;53.599226190476074
33.93;2.59;-0.09;-2.09;-5.16;91.12;30.068749999998772;53.42416666666655
37.6;24.72;2.59;-0.09;-2.09;90.1;27.830833333332105;53.05642857142845
43.04;63.62;24.72;2.59;-0.09;127.28;26.34666666666544;52.87601190476179
38.2;73.92;63.62;24.72;2.59;132.05;24.444999999998767;52.66583333333322
35.12;55.4;73.92;63.62;24.72;100.89;22.544999999998765;52.37095238095226
31.31;43.53;55.4;73.92;63.62;48.52;20.8508333333321;52.391607142857026
33.66;34.75;43.53;55.4;73.92;35.15;21.248333333332102;52.45494047619036
23.38;26.2;34.75;43.53;55.4;35.46;21.324999999998766;52.45065476190465
19.95;25.25;26.2;34.75;43.53;35.05;21.574999999998766;52.44773809523798
19.93;25.01;25.25;26.2;34.75;34.81;20.806666666665432;52.44684523809513
19.95;24.11;25.01;25.25;26.2;34.74;20.134999999998765;52.44184523809513
20.0;26.36;24.11;25.01;25.25;35.19;19.349166666665436;52.432738095237994
23.01;36.65;26.36;24.11;25.01;50.73;19.107083333332103;52.21029761904751
38.37;48.84;36.65;26.36;24.11;95.99;20.425833333332104;51.878869047618934
54.97;100.95;48.84;36.65;26.36;118.21;24.437499999998767;51.704404761904655
46.75;76.59;100.95;48.84;36.65;112.66;27.567083333332103;51.56232142857133
7.73;37.59;76.59;100.95;48.84;91.75;29.184583333332103;51.27613095238085
0.33;18.19;37.59;76.59;100.95;82.62;30.04958333333211;50.95630952380942
-1.46;7.04;18.19;37.59;76.59;69.91;30.512499999998777;50.615654761904665
-3.0;1.59;7.04;18.19;37.59;55.31;30.790833333332113;50.24315476190467
-3.72;1.01;1.59;7.04;18.19;47.01;31.107083333332113;49.88684523809514
-4.99;0.3;1.01;1.59;7.04;40.05;31.33458333333211;49.53202380952371
-3.99;1.51;0.3;1.01;1.59;36.41;31.48458333333211;49.13511904761894
-0.92;17.19;1.51;0.3;1.01;51.76;32.20458333333212;48.76327380952371
1.49;33.93;17.19;1.51;0.3;58.63;33.51041666666544;48.42285714285705
32.68;37.6;33.93;17.19;1.51;103.32;34.04708333333211;48.11035714285705
37.62;43.04;37.6;33.93;17.19;130.64;33.18958333333211;47.60892857142848
37.72;38.2;43.04;37.6;33.93;147.42;31.70124999999878;47.05029761904752
36.33;35.12;38.2;43.04;37.6;119.11;30.85624999999878;46.658809523809424
32.42;31.31;35.12;38.2;43.04;74.21;30.34708333333211;46.556369047618944
-1.01;33.66;31.31;35.12;38.2;50.55;30.301666666665444;46.5474999999999
-0.21;23.38;33.66;31.31;35.12;52.97;30.184166666665444;46.47559523809514
-0.16;19.95;23.38;33.66;31.31;52.23;29.963333333332113;46.38571428571419
-0.15;19.93;19.95;23.38;33.66;50.87;29.751666666665443;46.29714285714275
-0.11;19.95;19.93;19.95;23.38;48.01;29.57833333333211;46.20910714285704
-0.05;20.0;19.95;19.93;19.95;52.26;29.31333333333211;46.11869047619037
26.88;23.01;20.0;19.95;19.93;53.06;28.74499999999878;45.95369047619038
36.2;38.37;23.01;20.0;19.95;104.9;28.308749999998778;45.61071428571419
57.89;54.97;38.37;23.01;20.0;116.77;26.392916666665442;45.23428571428562
59.96;46.75;54.97;38.37;23.01;107.48;25.149583333332107;44.84196428571419
43.52;7.73;46.75;54.97;38.37;90.19;23.90541666666544;44.34184523809514
7.06;0.33;7.73;46.75;54.97;83.66;23.161249999998773;43.852023809523715
0.22;-1.46;0.33;7.73;46.75;77.57;22.807083333332105;43.42720238095229
-0.93;-3.0;-1.46;0.33;7.73;71.18;22.615833333332105;43.08011904761895
-1.05;-3.72;-3.0;-1.46;0.33;61.93;22.41874999999877;42.77815476190466
-0.95;-4.99;-3.72;-3.0;-1.46;62.09;22.198333333332105;42.510059523809424
-0.09;-3.99;-4.99;-3.72;-3.0;59.89;21.96916666666544;42.26958333333324
1.73;-0.92;-3.99;-4.99;-3.72;64.1;21.214583333332104;41.95601190476181
6.95;1.49;-0.92;-3.99;-4.99;87.95;19.862916666665438;41.615892857142754
28.92;32.68;1.49;-0.92;-3.99;103.95;19.65791666666544;41.19541666666657
36.42;37.62;32.68;1.49;-0.92;124.48;19.432083333332105;40.64172619047609
37.16;37.72;37.62;32.68;1.49;134.42;19.412083333332106;39.988749999999904
35.63;36.33;37.72;37.62;32.68;113.97;19.462499999998773;39.49601190476181
35.4;32.42;36.33;37.72;37.62;94.22;19.508749999998773;39.24726190476181
6.03;-1.01;32.42;36.33;37.72;85.85;18.06416666666544;38.940357142857046
2.66;-0.21;-1.01;32.42;36.33;51.55;17.08124999999877;38.62380952380942
2.73;-0.16;-0.21;-1.01;32.42;50.52;16.243333333332107;38.31196428571419
3.36;-0.15;-0.16;-0.21;-1.01;29.92;15.406666666665439;38.008273809523715
4.51;-0.11;-0.15;-0.16;-0.21;25.9;14.570833333332105;37.72184523809514
6.87;-0.05;-0.11;-0.15;-0.16;25.69;13.735416666665438;37.410476190476096
17.2;26.88;-0.05;-0.11;-0.15;25.49;13.896666666665439;37.254642857142755
25.97;36.2;26.88;-0.05;-0.11;38.38;13.806249999998771;36.84571428571419
46.08;57.89;36.2;26.88;-0.05;59.96;13.927916666665439;36.495238095237994
40.31;59.96;57.89;36.2;26.88;39.9;14.478333333332104;36.212380952380855
26.75;43.52;59.96;57.89;36.2;23.34;15.969583333332103;35.934583333333244
10.32;7.06;43.52;59.96;57.89;4.98;16.24999999999877;35.47863095238087
1.26;0.22;7.06;43.52;59.96;1.09;16.31999999999877;35.0182142857142
-0.02;-0.93;0.22;7.06;43.52;-0.16;16.40624999999877;34.58898809523801
-0.71;-1.05;-0.93;0.22;7.06;-0.59;16.517499999998773;34.21410714285705
-0.16;-0.95;-1.05;-0.93;0.22;-0.78;16.685833333332106;33.83886904761896
0.92;-0.09;-0.95;-1.05;-0.93;-0.18;16.848333333332107;33.48184523809515
9.09;1.73;-0.09;-0.95;-1.05;3.08;16.958749999998776;33.110595238095144
17.28;6.95;1.73;-0.09;-0.95;19.99;17.186249999998775;32.62845238095228
20.81;28.92;6.95;1.73;-0.09;19.95;17.02958333333211;32.18184523809514
24.36;36.42;28.92;6.95;1.73;9.42;16.97958333333211;31.657678571428477
25.45;37.16;36.42;28.92;6.95;4.69;16.956249999998775;31.078749999999907
21.05;35.63;37.16;36.42;28.92;2.63;16.92708333333211;30.61244047619038
10.0;35.4;35.63;37.16;36.42;0.87;17.051249999998774;30.26232142857133
4.3;6.03;35.4;35.63;37.16;-0.11;17.344583333332107;29.787202380952277
3.3;2.66;6.03;35.4;35.63;0.01;17.464166666665438;29.49619047619037
2.86;2.73;2.66;6.03;35.4;0.31;17.58458333333211;29.21172619047608
2.81;3.36;2.73;2.66;6.03;-0.06;17.730833333332107;29.05363095238084
2.82;4.51;3.36;2.73;2.66;-0.16;17.923333333332106;28.926309523809415
3.48;6.87;4.51;3.36;2.73;-0.59;18.21166666666544;28.814285714285607
4.99;17.2;6.87;4.51;3.36;-0.16;17.808333333332108;28.764940476190368
23.07;25.97;17.2;6.87;4.51;72.49;17.38208333333211;28.691071428571323
29.97;46.08;25.97;17.2;6.87;106.84;16.889999999998775;28.608452380952276
32.45;40.31;46.08;25.97;17.2;93.31;16.071249999998777;28.610892857142755
25.67;26.75;40.31;46.08;25.97;65.77;15.372499999998778;28.631190476190373
11.18;10.32;26.75;40.31;46.08;20.34;15.50833333333211;28.662976190476087
4.21;1.26;10.32;26.75;40.31;1.96;15.551666666665442;28.663988095237993
2.95;-0.02;1.26;10.32;26.75;0.34;15.58958333333211;28.664821428571322
1.93;-0.71;-0.02;1.26;10.32;0.01;15.603749999998778;28.664107142857038
1.25;-0.16;-0.71;-0.02;1.26;0.02;15.636666666665443;28.667797619047512
2.48;0.92;-0.16;-0.71;-0.02;19.08;15.678749999998777;28.674345238095135
3.28;9.09;0.92;-0.16;-0.71;63.89;15.985416666665442;28.710119047618946
4.98;17.28;9.09;0.92;-0.16;83.82;16.415833333332106;28.693988095237994
7.16;20.81;17.28;9.09;0.92;103.37;16.07791666666544;28.699107142857045
5.89;24.36;20.81;17.28;9.09;132.99;15.57541666666544;28.788035714285613
4.13;25.45;24.36;20.81;17.28;166.63;15.087499999998771;28.911607142857044
1.24;21.05;25.45;24.36;20.81;133.04;14.479999999998773;29.021249999999903
-0.09;10.0;21.05;25.45;24.36;85.8;13.42166666666544;29.07559523809514
-1.6;4.3;10.0;21.05;25.45;69.82;13.349583333332108;29.101845238095137
0.0;3.3;4.3;10.0;21.05;85.09;13.376249999998775;29.12142857142847
0.0;2.86;3.3;4.3;10.0;85.02;13.38166666666544;29.136607142857038
0.19;2.81;2.86;3.3;4.3;85.01;13.358749999998773;29.153690476190377
0.51;2.82;2.81;2.86;3.3;79.1;13.288333333332107;29.17142857142847
0.98;3.48;2.82;2.81;2.86;79.08;13.147083333332107;29.19565476190466
1.42;4.99;3.48;2.82;2.81;85.01;12.638333333332108;29.22630952380942
2.47;23.07;4.99;3.48;2.82;84.64;12.517499999998774;28.93214285714275
4.95;29.97;23.07;4.99;3.48;77.92;11.846249999998776;28.47458333333323
7.97;32.45;29.97;23.07;4.99;55.12;11.518749999998775;28.11232142857132
7.43;25.67;32.45;29.97;23.07;6.97;11.473749999998775;27.873630952380843
4.95;11.18;25.67;32.45;29.97;0.79;11.50958333333211;27.819107142857032
0.71;4.21;11.18;25.67;32.45;0.0;11.632499999998776;27.83249999999989
-0.02;2.95;4.21;11.18;25.67;-0.58;11.756249999998774;27.8480357142856
-1.3;1.93;2.95;4.21;11.18;-0.88;11.866249999998773;27.859464285714175
-2.79;1.25;1.93;2.95;4.21;-0.91;11.924999999998775;27.8667857142856
-1.92;2.48;1.25;1.93;2.95;-0.07;11.989999999998775;27.767976190476073
-0.04;3.28;2.48;1.25;1.93;2.98;11.747916666665441;27.40720238095226
3.38;4.98;3.28;2.48;1.25;30.92;11.235416666665444;26.937916666666545
22.01;7.16;4.98;3.28;2.48;78.43;10.666666666665444;26.365238095237974
102.33;5.89;7.16;4.98;3.28;99.24;9.89708333333211;25.608690476190358
111.55;4.13;5.89;7.16;4.98;119.56;9.008749999998777;24.641428571428452
59.98;1.24;4.13;5.89;7.16;101.0;8.18333333333211;23.856904761904644
4.97;-0.09;1.24;4.13;5.89;84.19;7.762916666665443;23.34565476190464
3.0;-1.6;-0.09;1.24;4.13;25.21;7.51708333333211;22.92053571428559
2.69;0.0;-1.6;-0.09;1.24;24.36;7.37958333333211;22.414047619047498
2.48;0.0;0.0;-1.6;-0.09;19.25;7.260416666665442;21.90797619047607
2.6;0.19;0.0;0.0;-1.6;43.45;7.151249999998775;21.403095238095116
2.85;0.51;0.19;0.0;0.0;40.23;7.054999999998775;20.935297619047496
2.85;0.98;0.51;0.19;0.0;45.22;6.950833333332109;20.470416666666544
2.91;1.42;0.98;0.51;0.19;42.46;6.802083333332107;19.97285714285702
3.57;2.47;1.42;0.98;0.51;17.19;5.943749999998775;19.48374999999988
3.17;4.95;2.47;1.42;0.98;4.67;4.901249999998774;19.04940476190464
5.05;7.97;4.95;2.47;1.42;1.48;3.8812499999987744;18.768749999999876
2.91;7.43;7.97;4.95;2.47;-1.23;3.121249999998774;18.77148809523797
-0.03;4.95;7.43;7.97;4.95;-2.57;2.8616666666654407;18.796249999999876
-0.18;0.71;4.95;7.43;7.97;-4.07;2.715833333332107;18.800476190476065
-2.06;-0.02;0.71;4.95;7.43;-5.09;2.592083333332107;18.8038095238094
-7.41;-1.3;-0.02;0.71;4.95;-6.58;2.457499999998774;18.801309523809397
-15.07;-2.79;-1.3;-0.02;0.71;-5.16;2.2891666666654404;18.790119047618923
-10.0;-1.92;-2.79;-1.3;-0.02;-2.09;2.1058333333321073;18.77910714285702
-3.79;-0.04;-1.92;-2.79;-1.3;-0.09;1.967499999998774;18.761130952380828
-0.06;3.38;-0.04;-1.92;-2.79;2.59;1.9008333333321075;18.597202380952258
62.63;22.01;3.38;-0.04;-1.92;24.72;2.5195833333321076;18.261369047618924
87.44;102.33;22.01;3.38;-0.04;63.62;6.537916666665441;18.279761904761784
110.93;111.55;102.33;22.01;3.38;73.92;11.013749999998774;18.232083333333215
119.91;59.98;111.55;102.33;22.01;55.4;13.461249999998776;17.987916666666546
99.48;4.97;59.98;111.55;102.33;43.53;13.67208333333211;17.516369047618927
84.08;3.0;4.97;59.98;111.55;34.75;13.863749999998776;17.384166666666545
88.91;2.69;3.0;4.97;59.98;26.2;13.97583333333211;17.25517857142845
80.66;2.48;2.69;3.0;4.97;25.25;14.079166666665444;17.15535714285702
84.64;2.6;2.48;2.69;3.0;25.01;14.179583333332111;16.91220238095226
84.02;2.85;2.6;2.48;2.69;24.11;14.277083333332113;16.68970238095226
86.09;2.85;2.85;2.6;2.48;26.36;14.35499999999878;16.43749999999988
89.27;2.91;2.85;2.85;2.6;36.65;14.417083333332114;16.20208333333321
102.2;3.57;2.91;2.85;2.85;48.84;14.462916666665445;16.121011904761783
105.69;3.17;3.57;2.91;2.85;100.95;14.38874999999878;16.11208333333321
70.51;5.05;3.17;3.57;2.91;76.59;14.267083333332112;16.133333333333212
29.38;2.91;5.05;3.17;3.57;37.59;14.078749999998779;16.15797619047607
12.41;-0.03;2.91;5.05;3.17;18.19;13.871249999998781;16.173095238095115
6.06;-0.18;-0.03;2.91;5.05;7.04;13.834166666665448;16.19624999999988
2.41;-2.06;-0.18;-0.03;2.91;1.59;13.749166666665447;16.214285714285595
0.01;-7.41;-2.06;-0.18;-0.03;1.01;13.494583333332114;16.209345238095118
0.02;-15.07;-7.41;-2.06;-0.18;0.3;12.982916666665448;16.150357142857022
3.73;-10.0;-15.07;-7.41;-2.06;1.51;12.646249999998782;16.10327380952369
9.42;-3.79;-10.0;-15.07;-7.41;17.19;12.489999999998782;16.08124999999988
50.75;-0.06;-3.79;-10.0;-15.07;33.93;12.346666666665449;16.065476190476073
78.94;62.63;-0.06;-3.79;-10.0;37.6;14.03916666666545;16.291130952380836
105.96;87.44;62.63;-0.06;-3.79;43.04;13.418749999998782;16.43291666666655
125.76;110.93;87.44;62.63;-0.06;38.2;13.39291666666545;16.653214285714167
116.78;119.91;110.93;87.44;62.63;35.12;15.889999999998784;17.037202380952262
22.28;99.48;119.91;110.93;87.44;31.31;19.82791666666545;17.370238095237976
9.94;84.08;99.48;119.91;110.93;33.66;23.206249999998786;17.663869047618928
8.87;88.91;84.08;99.48;119.91;23.38;26.79874999999878;18.037142857142737
7.67;80.66;88.91;84.08;99.48;19.95;30.05624999999878;18.366964285714165
6.34;84.64;80.66;88.91;84.08;19.93;33.47458333333211;18.72190476190464
5.7;84.02;84.64;80.66;88.91;19.95;36.85666666666544;19.07851190476178
7.56;86.09;84.02;84.64;80.66;20.0;40.324999999998774;19.434047619047494
12.99;89.27;86.09;84.02;84.64;23.01;43.92333333333212;19.74726190476178
74.15;102.2;89.27;86.09;84.02;38.37;48.03291666666545;20.064880952380825
117.09;105.69;102.2;89.27;86.09;54.97;52.30458333333212;20.093095238095113
95.01;70.51;105.69;102.2;89.27;46.75;55.03208333333212;20.056904761904637
35.38;29.38;70.51;105.69;102.2;7.73;56.13499999999879;20.00803571428559
30.29;12.41;29.38;70.51;105.69;0.33;56.65333333333212;19.973630952380827
25.15;6.06;12.41;29.38;70.51;-1.46;56.913333333332126;19.96779761904749
20.66;2.41;6.06;12.41;29.38;-3.0;57.09958333333213;19.972678571428442
18.33;0.01;2.41;6.06;12.41;-3.72;57.4087499999988;19.966726190476063
15.04;0.02;0.01;2.41;6.06;-4.99;58.03749999999879;19.965059523809394
20.75;3.73;0.02;0.01;2.41;-3.99;58.609583333332125;19.978273809523678
24.99;9.42;3.73;0.02;0.01;-0.92;59.159999999998796;19.932023809523677
31.14;50.75;9.42;3.73;0.02;1.49;61.27708333333212;20.032142857142727
33.83;78.94;50.75;9.42;3.73;32.68;61.956666666665456;20.278214285714157
33.83;105.96;78.94;50.75;9.42;37.62;62.728333333332124;20.652738095237968
57.36;125.76;105.96;78.94;50.75;37.72;63.34624999999878;21.173928571428444
30.2;116.78;125.76;105.96;78.94;36.33;63.215833333332114;21.659999999999876
13.94;22.28;116.78;125.76;105.96;32.42;59.999166666665445;21.60624999999988
8.33;9.94;22.28;116.78;125.76;-1.01;56.90999999999878;21.4650595238094
3.42;8.87;9.94;22.28;116.78;-0.21;53.574999999998774;21.378690476190354
2.81;7.67;8.87;9.94;22.28;-0.16;50.533749999998776;21.305595238095115
2.63;6.34;7.67;8.87;9.94;-0.15;47.271249999998766;21.224702380952262
2.39;5.7;6.34;7.67;8.87;-0.11;44.00791666666544;21.13988095238083
2.92;7.56;5.7;6.34;7.67;-0.05;40.7358333333321;21.065833333333213
4.94;12.99;7.56;5.7;6.34;26.88;37.55749999999877;21.006190476190355
23.97;74.15;12.99;7.56;5.7;36.2;36.388749999998765;21.219166666666545
36.45;117.09;74.15;12.99;7.56;57.89;36.86374999999877;21.588928571428454
38.09;95.01;117.09;74.15;12.99;59.96;37.884583333332095;21.87619047619036
33.28;35.38;95.01;117.09;74.15;43.52;38.134583333332095;22.040773809523692
23.13;30.29;35.38;95.01;117.09;7.06;38.8795833333321;22.219107142857027
9.34;25.15;30.29;35.38;95.01;0.22;39.67499999999877;22.377499999999884
4.92;20.66;25.15;30.29;35.38;-0.93;40.43541666666543;22.518333333333217
3.61;18.33;20.66;25.15;30.29;-1.05;41.19874999999877;22.649583333333215
3.08;15.04;18.33;20.66;25.15;-0.95;41.8245833333321;22.768809523809402
3.03;20.75;15.04;18.33;20.66;-0.09;42.53374999999877;22.916071428571307
4.29;24.99;20.75;15.04;18.33;1.73;43.18249999999876;23.070297619047498
7.84;31.14;24.99;20.75;15.04;6.95;42.36541666666543;23.246785714285593
10.13;33.83;31.14;24.99;20.75;28.92;40.4858333333321;23.25363095238083
10.0;33.83;33.83;31.14;24.99;36.42;37.480416666665434;23.23107142857131
4.98;57.36;33.83;33.83;31.14;37.16;34.63041666666543;23.34797619047607
4.12;30.2;57.36;33.83;33.83;35.63;31.022916666665438;23.311488095237976
2.5;13.94;30.2;57.36;33.83;35.4;30.67541666666544;23.201488095237977
0.16;8.33;13.94;30.2;57.36;6.03;30.60833333333211;23.257083333333213
1.5;3.42;8.33;13.94;30.2;2.66;30.381249999998772;23.27869047619036
0.93;2.81;3.42;8.33;13.94;2.73;30.17874999999877;23.296369047618928
0.25;2.63;2.81;3.42;8.33;3.36;30.024166666665437;23.31291666666655
0.0;2.39;2.63;2.81;3.42;4.51;29.886249999998768;23.3277976190475
0.14;2.92;2.39;2.63;2.81;6.87;29.692916666665436;23.345476190476074
1.28;4.94;2.92;2.39;2.63;17.2;29.35749999999877;23.214880952380835
3.09;23.97;4.94;2.92;2.39;25.97;27.26666666666544;23.142083333333215
10.75;36.45;23.97;4.94;2.92;46.08;23.90666666666544;23.01446428571417
22.42;38.09;36.45;23.97;4.94;40.31;21.534999999998774;22.884285714285596
15.13;33.28;38.09;36.45;23.97;26.75;21.447499999998772;22.823333333333217
6.98;23.13;33.28;38.09;36.45;10.32;21.14916666666544;22.91898809523798
4.32;9.34;23.13;33.28;38.09;1.26;20.49041666666544;22.973273809523697
2.99;4.92;9.34;23.13;33.28;-0.02;19.834583333332105;23.008095238095127
1.77;3.61;4.92;9.34;23.13;-0.71;19.221249999998772;23.035833333333223
1.2;3.08;3.61;4.92;9.34;-0.16;18.722916666665437;23.059821428571315
1.18;3.03;3.08;3.61;4.92;0.92;17.984583333332104;23.078392857142745
1.29;4.29;3.03;3.08;3.61;9.09;17.122083333332103;23.093630952380842
2.51;7.84;4.29;3.03;3.08;17.28;16.15124999999877;23.098928571428463
108.81;10.13;7.84;4.29;3.03;20.81;15.163749999998771;22.987083333333224
152.53;10.0;10.13;7.84;4.29;24.36;14.170833333332105;22.829821428571318
175.74;4.98;10.0;10.13;7.84;25.45;11.988333333332106;22.638273809523703
152.24;4.12;4.98;10.0;10.13;21.05;10.90166666666544;22.450714285714177
123.13;2.5;4.12;4.98;10.0;10.0;10.424999999998773;22.25488095238084
102.51;0.16;2.5;4.12;4.98;4.3;10.084583333332105;22.219940476190363
80.06;1.5;0.16;2.5;4.12;3.3;10.004583333332105;22.213035714285603
80.01;0.93;1.5;0.16;2.5;2.86;9.926249999998772;22.202321428571317
83.78;0.25;0.93;1.5;0.16;2.81;9.827083333332107;22.183809523809412
24.16;0.0;0.25;0.93;1.5;2.82;9.727499999998773;22.15696428571417
79.99;0.14;0.0;0.25;0.93;3.48;9.61166666666544;22.116904761904646
100.76;1.28;0.14;0.0;0.25;4.99;9.45916666666544;22.022142857142747
120.87;3.09;1.28;0.14;0.0;23.07;8.58916666666544;21.885952380952272
119.14;10.75;3.09;1.28;0.14;29.97;7.518333333332106;21.675654761904653
107.56;22.42;10.75;3.09;1.28;32.45;6.865416666665439;21.569166666666558
100.61;15.13;22.42;10.75;3.09;25.67;6.1091666666654385;21.499999999999893
90.55;6.98;15.13;22.42;10.75;11.18;5.436249999998772;21.48011904761894
50.79;4.32;6.98;15.13;22.42;4.21;5.2270833333321045;21.498333333333225
34.45;2.99;4.32;6.98;15.13;2.95;5.146666666665438;21.51624999999989
20.97;1.77;2.99;4.32;6.98;1.93;5.069999999998771;21.531011904761794
25.46;1.2;1.77;2.99;4.32;1.25;4.991666666665438;21.53910714285703
83.78;1.18;1.2;1.77;2.99;2.48;4.9145833333321045;21.540654761904648
82.24;1.29;1.18;1.2;1.77;3.28;4.7895833333321045;21.494226190476077
96.42;2.51;1.29;1.18;1.2;4.98;4.5674999999987715;21.40630952380941
111.73;108.81;2.51;1.29;1.18;7.16;8.679166666665438;21.930119047618934
129.99;152.53;108.81;2.51;1.29;5.89;14.617916666665437;22.6930357142856
125.0;175.74;152.53;108.81;2.51;4.13;21.732916666665435;23.587619047618936
115.84;152.24;175.74;152.53;108.81;1.24;27.904583333332102;24.36851190476179
107.04;123.13;152.24;175.74;152.53;-0.09;32.9308333333321;25.041904761904647
97.44;102.51;123.13;152.24;175.74;-1.6;37.19541666666544;25.62648809523798
92.6;80.06;102.51;123.13;152.24;0.0;40.46874999999877;26.083392857142744
89.63;80.01;80.06;102.51;123.13;0.0;43.76374999999877;26.54261904761894
88.26;83.78;80.01;80.06;102.51;0.19;47.24416666666544;27.02458333333322
86.89;24.16;83.78;80.01;80.06;0.51;48.25083333333211;27.15160714285703
86.89;79.99;24.16;83.78;80.01;0.98;51.57791666666544;27.6070238095237
85.04;100.76;79.99;24.16;83.78;1.42;55.72291666666544;28.177083333333226
88.33;120.87;100.76;79.99;24.16;2.47;60.63041666666544;28.759226190476085
84.16;119.14;120.87;100.76;79.99;4.95;65.14666666666544;29.289999999999893
76.0;107.56;119.14;120.87;100.76;7.97;68.69416666666544;29.73708333333323
66.39;100.61;107.56;119.14;120.87;7.43;72.25583333333209;30.183154761904657
15.16;90.55;100.61;107.56;119.14;4.95;75.73791666666543;30.65559523809513
9.11;50.79;90.55;100.61;107.56;0.71;77.67416666666543;30.932857142857035
3.24;34.45;50.79;90.55;100.61;-0.02;78.98499999999876;31.120357142857035
0.04;20.97;34.45;50.79;90.55;-1.3;79.78499999999876;31.233690476190368
0.0;25.46;20.97;34.45;50.79;-2.79;80.7958333333321;31.377797619047513
1.05;83.78;25.46;20.97;34.45;-1.92;84.23749999999876;31.861726190476084
12.46;82.24;83.78;25.46;20.97;-0.04;87.61041666666542;32.33172619047608
74.21;96.42;82.24;83.78;25.46;3.38;91.52333333333208;32.8760119047618
93.93;111.73;96.42;82.24;83.78;22.01;91.64499999999875;33.49845238095228
112.99;129.99;111.73;96.42;82.24;102.33;90.70583333333208;34.23714285714275
128.75;125.0;129.99;111.73;96.42;111.55;88.5916666666654;34.95660714285704
133.67;115.84;125.0;129.99;111.73;59.98;87.07499999999874;35.638749999999895
112.99;107.04;115.84;125.0;129.99;4.97;86.40458333333207;36.27642857142847
102.04;97.44;107.04;115.84;125.0;3.0;86.19333333333206;36.86595238095227
104.79;92.6;97.44;107.04;115.84;2.69;86.71583333333206;37.41714285714276
95.94;89.63;92.6;97.44;107.04;2.48;87.11666666666538;37.95065476190466
88.59;88.26;89.63;92.6;97.44;2.6;87.30333333333205;38.47488095238085
87.94;86.89;88.26;89.63;92.6;2.85;89.91708333333206;38.98904761904752
77.44;86.89;86.89;88.26;89.63;2.85;90.20458333333205;39.500416666666574
76.1;85.04;86.89;86.89;88.26;2.91;89.54958333333205;39.998154761904665
79.93;88.33;85.04;86.89;86.89;3.57;88.19374999999872;40.50922619047609
70.17;84.16;88.33;85.04;86.89;3.17;86.73624999999872;40.98071428571419
11.73;76.0;84.16;88.33;85.04;5.05;85.42124999999872;41.38565476190466
1.25;66.39;76.0;84.16;88.33;2.91;83.99541666666539;41.736607142857046
0.0;15.16;66.39;76.0;84.16;-0.03;80.85416666666539;41.797380952380855
-0.09;9.11;15.16;66.39;76.0;-0.18;79.11749999999873;41.84738095238085
-2.12;3.24;9.11;15.16;66.39;-2.06;77.81708333333206;41.86678571428562
-6.05;0.04;3.24;9.11;15.16;-7.41;76.94499999999873;41.874761904761804
-5.1;0.0;0.04;3.24;9.11;-15.07;75.8841666666654;41.89136904761895
-2.79;1.05;0.0;0.04;3.24;-10.0;72.43708333333205;41.90904761904752
1.18;12.46;1.05;0.0;0.04;-3.79;69.52958333333206;41.983452380952286
53.88;74.21;12.46;1.05;0.0;-0.06;68.60416666666539;42.40505952380943
91.02;93.93;74.21;12.46;1.05;62.63;67.86249999999872;42.833154761904666
112.54;112.99;93.93;74.21;12.46;87.44;67.15416666666539;42.89660714285704
115.89;128.75;112.99;93.93;74.21;110.93;67.31041666666539;42.998988095238
117.07;133.67;128.75;112.99;93.93;119.91;68.05333333333206;43.43761904761895
103.95;112.99;133.67;128.75;112.99;99.48;68.30124999999873;44.08059523809514
85.4;102.04;112.99;133.67;128.75;84.08;68.4929166666654;44.67011904761895
76.46;104.79;102.04;112.99;133.67;88.91;69.00083333333207;45.277857142857044
73.26;95.94;104.79;102.04;112.99;80.66;69.26374999999872;45.83416666666657
68.48;88.59;95.94;104.79;102.04;84.64;69.27749999999872;46.34601190476181
67.87;87.94;88.59;95.94;104.79;84.02;69.32124999999873;46.8524999999999
70.3;77.44;87.94;88.59;95.94;86.09;68.92749999999872;47.29648809523799
82.02;76.1;77.44;87.94;88.59;89.27;68.55499999999871;47.732142857142755
108.7;79.93;76.1;77.44;87.94;102.2;68.20499999999872;48.18666666666657
7.71;70.17;79.93;76.1;77.44;105.69;67.62208333333206;48.58547619047609
11.91;11.73;70.17;79.93;76.1;70.51;64.9441666666654;48.62523809523799
7.81;1.25;11.73;70.17;79.93;29.38;62.22999999999872;48.61535714285704
4.23;0.0;1.25;11.73;70.17;12.41;61.59833333333205;48.61553571428561
2.72;-0.09;0.0;1.25;11.73;6.06;61.214999999998724;48.616071428571324
1.71;-2.12;-0.09;0.0;1.25;2.41;60.991666666665395;48.61571428571418
1.46;-6.05;-2.12;-0.09;0.0;0.01;60.7379166666654;48.62380952380942
1.5;-5.1;-6.05;-2.12;-0.09;0.02;60.5254166666654;48.68315476190465
1.81;-2.79;-5.1;-6.05;-2.12;3.73;60.3654166666654;48.72607142857132
2.35;1.18;-2.79;-5.1;-6.05;9.42;59.895416666665405;48.75565476190466
104.81;53.88;1.18;-2.79;-5.1;50.75;59.048333333332074;49.07672619047609
128.24;91.02;53.88;1.18;-2.79;78.94;58.92708333333207;49.24571428571418
176.68;112.54;91.02;53.88;1.18;105.96;58.908333333332074;49.39511904761895
209.46;115.89;112.54;91.02;53.88;125.76;58.372499999998745;49.42464285714275
161.85;117.07;115.89;112.54;91.02;116.78;57.68083333333207;49.40773809523799
59.96;103.95;117.07;115.89;112.54;22.28;57.3041666666654;49.43434523809513
-0.01;85.4;103.95;117.07;115.89;9.94;56.610833333332074;49.44220238095228
95.43;76.46;85.4;103.95;117.07;8.87;55.430416666665415;49.36809523809513
84.41;73.26;76.46;85.4;103.95;7.67;54.48541666666541;49.32404761904751
73.56;68.48;73.26;76.46;85.4;6.34;53.64749999999875;49.22785714285704
73.4;67.87;68.48;73.26;76.46;5.7;52.81124999999874;49.13172619047609
9.27;70.3;67.87;68.48;73.26;7.56;52.51374999999874;49.03773809523799
73.37;82.02;70.3;67.87;68.48;12.99;52.76041666666541;48.994583333333225
107.69;108.7;82.02;70.3;67.87;74.15;53.9591666666654;49.0332738095237
117.22;7.71;108.7;82.02;70.3;117.09;51.356666666665404;48.45005952380942
99.78;11.91;7.71;108.7;82.02;95.01;51.364166666665405;48.101249999999894
83.38;7.81;11.91;7.71;108.7;35.38;51.63749999999874;47.97285714285704
8.18;4.23;7.81;11.91;7.71;30.29;51.81374999999874;47.92416666666656
4.81;2.72;4.23;7.81;11.91;25.15;51.93083333333207;47.904285714285606
3.8;1.71;2.72;4.23;7.81;20.66;52.0904166666654;47.900119047618944
2.81;1.46;1.71;2.72;4.23;18.33;52.403333333332064;47.90874999999989
2.22;1.5;1.46;1.71;2.72;15.04;52.67833333333206;47.917559523809416
2.27;1.81;1.5;1.46;1.71;20.75;52.869999999998726;47.90613095238085
2.91;2.35;1.81;1.5;1.46;24.99;52.91874999999872;47.86404761904752
17.14;104.81;2.35;1.81;1.5;31.14;55.040833333332046;48.185833333333235
99.82;128.24;104.81;2.35;1.81;33.83;56.59166666666538;48.479285714285616
126.93;176.68;128.24;104.81;2.35;33.83;59.26416666666538;48.900238095237995
140.85;209.46;176.68;128.24;104.81;57.36;63.16291666666538;49.39845238095228
121.02;161.85;209.46;176.68;128.24;30.2;65.02874999999871;49.66672619047608
97.69;59.96;161.85;209.46;176.68;13.94;63.19583333333205;49.89101190476179
11.11;-0.01;59.96;161.85;209.46;8.33;59.63708333333204;49.831785714285594
0.92;95.43;-0.01;59.96;161.85;3.42;60.42749999999871;50.347023809523684
0.79;84.41;95.43;-0.01;59.96;2.81;60.892083333332046;50.8038095238094
0.85;73.56;84.41;95.43;-0.01;2.63;61.10374999999871;51.20392857142844
1.16;73.4;73.56;84.41;95.43;2.39;61.334166666665375;51.60690476190463
1.97;9.27;73.4;73.56;84.41;2.92;58.79124999999871;51.617083333333206
44.81;73.37;9.27;73.4;73.56;4.94;58.43083333333205;51.97648809523797
70.42;107.69;73.37;9.27;73.4;23.97;58.388749999998716;52.17613095238083
84.37;117.22;107.69;73.37;9.27;36.45;62.95166666666538;52.17690476190464
89.32;99.78;117.22;107.69;73.37;38.09;66.61291666666538;52.2052976190475
67.45;83.38;99.78;117.22;107.69;33.28;69.76166666666539;52.491011904761784
40.87;8.18;83.38;99.78;117.22;23.13;69.92624999999872;52.359404761904635
40.38;4.81;8.18;83.38;99.78;9.34;70.01333333333206;52.23833333333321
22.98;3.8;4.81;8.18;83.38;4.92;70.10041666666538;52.13797619047606
3.84;2.81;3.8;4.81;8.18;3.61;70.15666666666537;52.04559523809511
3.81;2.22;2.81;3.8;4.81;3.08;70.18666666666537;51.969285714285576
20.06;2.27;2.22;2.81;3.8;3.03;70.20583333333205;51.859285714285576
42.65;2.91;2.27;2.22;2.81;4.29;70.22916666666539;51.727857142857005
59.94;17.14;2.91;2.27;2.22;7.84;66.57624999999872;51.644523809523676
79.55;99.82;17.14;2.91;2.27;10.13;65.39208333333205;52.03732142857129
108.76;126.93;99.82;17.14;2.91;10.0;63.31916666666539;52.591488095237956
137.13;140.85;126.93;99.82;17.14;4.98;60.46041666666539;53.08845238095224
59.97;121.02;140.85;126.93;99.82;4.12;58.75916666666539;53.62904761904748
5.09;97.69;121.02;140.85;126.93;2.5;60.331249999998725;54.12755952380938
3.09;11.11;97.69;121.02;140.85;0.16;60.79458333333205;54.14410714285701
1.82;0.92;11.11;97.69;121.02;1.5;56.85666666666538;54.129226190476054
1.08;0.79;0.92;11.11;97.69;0.93;53.372499999998716;54.11720238095226
1.25;0.85;0.79;0.92;11.11;0.25;50.34291666666538;54.10660714285702
1.81;1.16;0.85;0.79;0.92;0.0;47.332916666665376;54.0992857142856
2.69;1.97;1.16;0.85;0.79;0.14;47.028749999998716;54.09363095238083
5.21;44.81;1.97;1.16;0.85;1.28;45.83874999999872;54.330952380952255
100.89;70.42;44.81;1.97;1.16;3.09;44.28583333333205;54.607440476190355
103.39;84.37;70.42;44.81;1.97;10.75;42.91708333333205;54.89267857142845
95.36;89.32;84.37;70.42;44.81;22.42;42.48124999999872;55.19761904761892
91.65;67.45;89.32;84.37;70.42;15.13;41.817499999998724;55.40101190476178
82.31;40.87;67.45;89.32;84.37;6.98;43.179583333332054;55.50660714285703
78.07;40.38;40.87;67.45;89.32;4.32;44.66166666666539;55.69136904761893
69.21;22.98;40.38;40.87;67.45;2.99;45.46083333333206;55.79886904761892
61.46;3.84;22.98;40.38;40.87;1.77;45.503749999998725;55.800238095237965
61.46;3.81;3.84;22.98;40.38;1.2;45.56999999999872;55.804583333333206
66.07;20.06;3.81;3.84;22.98;1.18;46.31124999999872;55.90595238095224
81.74;42.65;20.06;3.81;3.84;1.29;47.967083333332056;56.13428571428557
89.86;59.94;42.65;20.06;3.81;2.51;49.75041666666539;56.44440476190462
108.01;79.55;59.94;42.65;20.06;108.81;48.905833333332055;56.857619047618904
131.98;108.76;79.55;59.94;42.65;152.53;48.14874999999872;57.44547619047605
151.02;137.13;108.76;79.55;59.94;175.74;47.99374999999872;58.23208333333319
140.01;59.97;137.13;108.76;79.55;152.24;45.44999999999872;58.564523809523656
109.42;5.09;59.97;137.13;108.76;123.13;41.59166666666538;58.57994047619032
99.95;3.09;5.09;59.97;137.13;102.51;41.25749999999872;58.5973809523808
92.0;1.82;3.09;5.09;59.97;80.06;41.29499999999872;58.599285714285564
78.77;1.08;1.82;3.09;5.09;80.01;41.30708333333206;58.60017857142842
66.52;1.25;1.08;1.82;3.09;83.78;41.323749999998725;58.6061309523808
61.7;1.81;1.25;1.08;1.82;24.16;41.350833333332055;58.61690476190461
62.01;2.69;1.81;1.25;1.08;79.99;41.380833333332056;58.632083333333185
63.75;5.21;2.69;1.81;1.25;100.76;39.730833333332065;58.65547619047603
88.96;100.89;5.21;2.69;1.81;120.87;41.000416666665394;59.237619047618885
106.49;103.39;100.89;5.21;2.69;119.14;41.7929166666654;59.78904761904745
106.11;95.36;103.39;100.89;5.21;107.56;42.04458333333206;60.22321428571412
99.9;91.65;95.36;103.39;100.89;100.61;43.052916666665396;60.67869047619032
89.76;82.31;91.65;95.36;103.39;90.55;44.77958333333206;61.127083333333175
80.05;78.07;82.31;91.65;95.36;50.79;46.34999999999872;61.56607142857127
73.11;69.21;78.07;82.31;91.65;34.45;48.276249999998726;61.96023809523793
66.85;61.46;69.21;78.07;82.31;20.97;50.677083333332064;62.315535714285545
63.73;61.46;61.46;69.21;78.07;25.46;53.0791666666654;62.674226190476006
65.33;66.07;61.46;61.46;69.21;83.78;54.99624999999873;63.060476190476
73.27;81.74;66.07;61.46;61.46;82.24;56.62499999999873;63.539345238095045
84.1;89.86;81.74;66.07;61.46;96.42;57.87166666666539;64.05928571428552
94.46;108.01;89.86;81.74;66.07;111.73;59.057499999998726;64.05452380952363
107.94;131.98;108.01;89.86;81.74;129.99;60.02499999999873;63.93220238095219
115.0;151.02;131.98;108.01;89.86;125.0;60.60374999999872;63.78505952380934
107.91;140.01;151.02;131.98;108.01;115.84;63.93874999999872;63.71226190476172
99.29;109.42;140.01;151.02;131.98;107.04;68.28583333333206;63.63065476190458
82.16;99.95;109.42;140.01;151.02;97.44;72.3216666666654;63.61541666666649
86.45;92.0;99.95;109.42;140.01;92.6;76.0791666666654;63.68648809523792
86.68;78.77;92.0;99.95;109.42;89.63;79.31624999999873;63.67910714285697
77.75;66.52;78.77;92.0;99.95;88.26;82.03583333333206;63.576369047618876
70.4;61.7;66.52;78.77;92.0;86.89;84.53124999999874;63.79982142857126
65.11;62.01;61.7;66.52;78.77;86.89;87.0029166666654;63.692797619047454
65.62;63.75;62.01;61.7;66.52;85.04;89.44208333333206;63.47249999999983
65.9;88.96;63.75;62.01;61.7;88.33;88.94499999999873;63.28255952380935
68.09;106.49;88.96;63.75;62.01;84.16;89.07416666666539;63.20726190476173
70.75;106.11;106.49;88.96;63.75;76.0;89.52208333333205;63.19863095238078
59.88;99.9;106.11;106.49;88.96;66.39;89.86583333333205;63.194404761904586
46.03;89.76;99.9;106.11;106.49;15.16;90.17624999999873;63.18970238095221
40.85;80.05;89.76;99.9;106.11;9.11;90.25874999999873;63.36386904761887
20.7;73.11;80.05;89.76;99.9;3.24;90.42124999999874;63.59398809523792
7.44;66.85;73.11;80.05;89.76;0.04;90.64583333333206;63.86708333333316
2.92;63.73;66.85;73.11;80.05;0.0;90.7404166666654;64.09488095238078
5.8;65.33;63.73;66.85;73.11;1.05;90.70958333333205;63.98505952380935
13.0;73.27;65.33;63.73;66.85;12.46;90.35666666666539;63.931666666666494
52.08;84.1;73.27;65.33;63.73;74.21;90.11666666666538;63.858333333333164
67.5;94.46;84.1;73.27;65.33;93.93;89.55208333333205;63.75553571428554
81.9;107.94;94.46;84.1;73.27;112.99;88.55041666666538;63.62428571428555
85.86;115.0;107.94;94.46;84.1;128.75;87.04958333333205;63.56476190476174
81.76;107.91;115.0;107.94;94.46;133.67;85.71208333333205;63.51755952380935
84.48;99.29;107.91;115.0;107.94;112.99;85.28999999999871;63.471428571428405
65.39;82.16;99.29;107.91;115.0;102.04;84.54874999999872;63.38047619047602
35.71;86.45;82.16;99.29;107.91;104.79;84.31749999999872;63.343869047618874
30.37;86.68;86.45;82.16;99.29;95.94;84.64708333333205;63.32630952380936
15.47;77.75;86.68;86.45;82.16;88.59;85.11499999999872;63.26374999999983
7.05;70.4;77.75;86.68;86.45;87.94;85.47749999999871;63.16559523809507
8.75;65.11;70.4;77.75;86.68;77.44;85.60666666666538;63.035952380952224
5.01;65.62;65.11;70.4;77.75;76.1;85.68458333333204;62.920357142856986
4.9;65.9;65.62;65.11;70.4;79.93;84.7237499999987;62.786845238095076
4.11;68.09;65.9;65.62;65.11;70.17;83.12374999999871;62.69119047619032
0.97;70.75;68.09;65.9;65.62;11.73;81.65041666666538;62.65994047619032
0.0;59.88;70.75;68.09;65.9;1.25;79.98291666666537;62.621190476190314
1.56;46.03;59.88;70.75;68.09;0.0;78.16083333333204;62.804940476190325
0.77;40.85;46.03;59.88;70.75;-0.09;76.52749999999871;62.993869047618894
-0.1;20.7;40.85;46.03;59.88;-2.12;74.3437499999987;63.09779761904747
-4.01;7.44;20.7;40.85;46.03;-6.05;71.86833333333205;63.14184523809509
-5.0;2.92;7.44;20.7;40.85;-5.1;69.33458333333205;63.15922619047604
-4.36;5.8;2.92;7.44;20.7;-2.79;66.85416666666539;63.18749999999985
-0.08;13.0;5.8;2.92;7.44;1.18;64.34291666666539;63.19071428571414
4.93;52.08;13.0;5.8;2.92;53.88;63.00874999999872;63.05898809523795
14.29;67.5;52.08;13.0;5.8;91.02;61.885416666665385;62.90166666666652
65.61;81.9;67.5;52.08;13.0;112.54;60.80041666666539;62.716607142857
94.99;85.86;81.9;67.5;52.08;115.89;59.58624999999872;62.46130952380938
106.93;81.76;85.86;81.9;67.5;117.07;58.496666666665384;62.15232142857129
106.4;84.48;81.76;85.86;81.9;103.95;57.87958333333205;61.982619047618904
93.55;65.39;84.48;81.76;85.86;85.4;57.18083333333205;61.76446428571413
93.6;35.71;65.39;84.48;81.76;76.46;55.066666666665384;61.35327380952365
82.55;30.37;35.71;65.39;84.48;73.26;52.72041666666538;60.962976190476034
80.2;15.47;30.37;35.71;65.39;68.48;50.12541666666538;60.52773809523793
64.47;7.05;15.47;30.37;35.71;67.87;47.48583333333204;60.04624999999983
59.98;8.75;7.05;15.47;30.37;70.3;45.13749999999871;59.63738095238078
93.86;5.01;8.75;7.05;15.47;82.02;42.612083333332045;59.21422619047602
130.08;4.9;5.01;8.75;7.05;108.7;40.07041666666537;58.76761904761887
190.13;4.11;4.9;5.01;8.75;7.71;37.40458333333204;58.374404761904586
160.54;0.97;4.11;4.9;5.01;11.91;34.49708333333204;58.310357142856965
125.01;0.0;0.97;4.11;4.9;7.81;32.002083333332045;58.30291666666649
59.99;1.56;0.0;0.97;4.11;4.23;30.149166666665376;58.3122023809522
26.48;0.77;1.56;0.0;0.97;2.72;28.479166666665375;58.317321428571255
22.05;-0.1;0.77;1.56;0.0;1.71;27.612499999998704;58.329345238095065
21.15;-4.01;-0.1;0.77;1.56;1.46;27.135416666665368;58.341488095237914
19.07;-5.0;-4.01;-0.1;0.77;1.5;26.80541666666537;58.34208333333316
16.13;-4.36;-5.0;-4.01;-0.1;1.81;26.382083333332037;58.33273809523792
16.14;-0.08;-4.36;-5.0;-4.01;2.35;25.837083333332036;58.32523809523792
75.17;4.93;-0.08;-4.36;-5.0;104.81;23.8724999999987;58.03386904761888
111.38;14.29;4.93;-0.08;-4.36;128.24;21.655416666665364;57.57714285714269
138.47;65.61;14.29;4.93;-0.08;176.68;20.976666666665366;57.29779761904745
179.3;94.99;65.61;14.29;4.93;209.46;21.35708333333203;57.17339285714269
173.67;106.93;94.99;65.61;14.29;161.85;22.405833333332037;57.11303571428555
135.51;106.4;106.93;94.99;65.61;59.96;23.319166666665367;57.12761904761888
105.91;93.55;106.4;106.93;94.99;-0.01;24.4924999999987;57.17613095238078
1.68;93.6;93.55;106.4;106.93;95.43;26.90458333333203;57.278154761904595
1.39;82.55;93.6;93.55;106.4;84.41;29.078749999998696;57.33345238095221
1.37;80.2;82.55;93.6;93.55;73.56;31.77583333333203;57.40321428571412
1.91;64.47;80.2;82.55;93.6;73.4;34.168333333332036;57.382976190476015
3.07;59.98;64.47;80.2;82.55;9.27;36.30291666666537;57.32154761904745
99.74;93.86;59.98;64.47;80.2;73.37;40.0049999999987;57.39202380952364
13.82;130.08;93.86;59.98;64.47;107.69;45.22083333333203;57.51928571428554
173.33;190.13;130.08;93.86;59.98;117.22;52.971666666665364;58.60511904761887
138.28;160.54;190.13;130.08;93.86;99.78;59.62041666666536;59.48982142857126
109.67;125.01;160.54;190.13;130.08;83.38;64.82916666666536;60.18744047619031
89.4;59.99;125.01;160.54;190.13;8.18;67.2637499999987;60.51934523809508
79.36;26.48;59.99;125.01;160.54;4.81;68.3349999999987;60.66077380952365
65.72;22.05;26.48;59.99;125.01;3.8;69.25791666666537;60.78184523809508
53.95;21.15;22.05;26.48;59.99;2.81;70.3062499999987;60.899047619047465
40.52;19.07;21.15;22.05;26.48;2.22;71.30916666666536;61.003630952380796
38.21;16.13;19.07;21.15;22.05;2.27;72.16291666666537;61.088869047618886
62.49;16.14;16.13;19.07;21.15;2.91;72.8387499999987;61.170952380952215
82.84;75.17;16.14;16.13;19.07;17.14;75.76541666666536;60.99452380952365
113.43;111.38;75.17;16.14;16.13;99.82;79.81083333333203;60.8941666666665
171.01;138.47;111.38;75.17;16.14;126.93;82.84666666666537;60.66672619047602
225.77;179.3;138.47;111.38;75.17;140.85;86.35958333333203;60.48720238095221
137.31;173.67;179.3;138.47;111.38;121.02;89.14041666666536;60.55755952380935
7.16;135.51;173.67;179.3;138.47;97.69;90.35333333333203;61.00726190476174
1.92;105.91;135.51;173.67;179.3;11.11;90.86833333333202;61.63773809523793
4.06;1.68;105.91;135.51;173.67;0.92;87.038333333332;61.07970238095221
2.79;1.39;1.68;105.91;135.51;0.79;83.65666666666534;60.58553571428555
2.24;1.37;1.39;1.68;105.91;0.85;80.37208333333201;60.15583333333317
1.58;1.91;1.37;1.39;1.68;1.16;77.76541666666535;59.73029761904746
1.92;3.07;1.91;1.37;1.39;1.97;75.39416666666534;59.69339285714269
3.28;99.74;3.07;1.91;1.37;44.81;75.63916666666535;59.85035714285697
6.4;13.82;99.74;3.07;1.91;70.42;70.79499999999868;59.29160714285697
16.05;173.33;13.82;99.74;3.07;84.37;70.09499999999868;59.625595238095066
38.68;138.28;173.33;13.82;99.74;89.32;69.16749999999868;59.85476190476173
5.66;109.67;138.28;173.33;13.82;67.45;68.52833333333201;60.01124999999983
3.79;89.4;109.67;138.28;173.33;40.87;69.75374999999869;60.49470238095221
1.69;79.36;89.4;109.67;138.28;40.38;71.95708333333202;60.93845238095222
1.32;65.72;79.36;89.4;109.67;22.98;73.77666666666535;61.30702380952365
0.94;53.95;65.72;79.36;89.4;3.84;75.14333333333202;61.61142857142842
0.93;40.52;53.95;65.72;79.36;3.81;76.03708333333202;61.83940476190461
1.32;38.21;40.52;53.95;65.72;20.06;76.95708333333202;62.05333333333318
2.67;62.49;38.21;40.52;53.95;42.65;78.88833333333201;62.407976190476035
65.38;82.84;62.49;38.21;40.52;59.94;79.20791666666534;62.799047619047464
102.57;113.43;82.84;62.49;38.21;79.55;79.29333333333201;62.88005952380937
123.93;171.01;113.43;82.84;62.49;108.76;80.64916666666535;63.14244047619032
152.15;225.77;171.01;113.43;82.84;137.13;82.58541666666535;63.64791666666652
158.02;137.31;225.77;171.01;113.43;59.97;81.07041666666534;63.7448809523808
138.08;7.16;137.31;225.77;171.01;5.09;75.72249999999867;63.206011904761745
103.65;1.92;7.16;137.31;225.77;3.09;71.38958333333201;63.15130952380936
87.18;4.06;1.92;7.16;137.31;1.82;71.48874999999867;63.16999999999983
80.6;2.79;4.06;1.92;7.16;1.08;71.547083333332;63.1819047619046
76.92;2.24;2.79;4.06;1.92;1.25;71.583333333332;63.190178571428405
74.65;1.58;2.24;2.79;4.06;1.81;71.569583333332;63.1926785714284
79.83;1.92;1.58;2.24;2.79;2.69;71.52166666666534;63.19238095238079
89.31;3.28;1.92;1.58;2.24;5.21;67.50249999999868;62.945178571428414
112.0;6.4;3.28;1.92;1.58;100.89;67.193333333332;62.56410714285698
117.3;16.05;6.4;3.28;1.92;103.39;60.63999999999868;62.15744047619031
93.45;38.68;16.05;6.4;3.28;95.36;56.48999999999868;61.856011904761736
45.25;5.66;38.68;16.05;6.4;91.65;52.156249999998685;61.488214285714115
47.04;3.79;5.66;38.68;16.05;82.31;48.58916666666534;61.26749999999983
14.83;1.69;3.79;5.66;38.68;78.07;45.35291666666535;61.037202380952216
12.99;1.32;1.69;3.79;5.66;69.21;42.669583333332014;60.90827380952365
12.65;0.94;1.32;1.69;3.79;61.46;40.46083333333201;60.89101190476175
12.55;0.93;0.94;1.32;1.69;61.46;38.81124999999868;60.873869047618896
13.09;1.32;0.93;0.94;1.32;66.07;37.274166666665344;60.762321428571276
44.36;2.67;1.32;0.93;0.94;81.74;34.781666666665345;60.52434523809509
78.73;65.38;2.67;1.32;0.93;89.86;34.054166666665346;60.556726190476034
87.77;102.57;65.38;2.67;1.32;108.01;33.601666666665345;60.693749999999845
112.91;123.93;102.57;65.38;2.67;131.98;31.63999999999868;60.78404761904746
160.04;152.15;123.93;102.57;65.38;151.02;28.57249999999868;60.87345238095223
167.72;158.02;152.15;123.93;102.57;140.01;29.435416666665343;61.45708333333319
132.45;138.08;158.02;152.15;123.93;109.42;34.890416666665345;62.248690476190326
104.39;103.65;138.08;158.02;152.15;99.95;39.12916666666535;62.84726190476175
98.58;87.18;103.65;138.08;158.02;92.0;42.59249999999869;63.355357142856995
93.83;80.6;87.18;103.65;138.08;78.77;45.83458333333201;63.82869047619033
89.5;76.92;80.6;87.18;103.65;66.52;48.946249999998685;64.279107142857
85.43;74.65;76.92;80.6;87.18;61.7;51.99083333333203;64.71267857142843
82.23;79.83;74.65;76.92;80.6;62.01;55.237083333332016;65.17184523809509
89.69;89.31;79.83;74.65;76.92;63.75;58.82166666666535;65.67244047619033
113.55;112.0;89.31;79.83;74.65;88.96;63.22166666666535;65.73857142857129
119.05;117.3;112.0;89.31;79.83;106.49;67.44041666666534;65.8213690476189
101.83;93.45;117.3;112.0;89.31;106.11;69.72249999999867;65.80999999999986
78.56;45.25;93.45;117.3;112.0;99.9;71.37208333333201;65.53380952380938
60.66;47.04;45.25;93.45;117.3;89.76;73.17416666666534;65.32386904761891
41.39;14.83;47.04;45.25;93.45;80.05;73.72166666666534;64.94744047619035
33.1;12.99;14.83;47.04;45.25;73.11;74.20791666666534;64.6127976190475
25.36;12.65;12.99;14.83;47.04;66.85;74.695833333332;64.32226190476179
17.41;12.55;12.65;12.99;14.83;63.73;75.17999999999867;64.03113095238083
14.59;13.09;12.55;12.65;12.99;65.33;75.67041666666533;63.71577380952369
24.06;44.36;13.09;12.55;12.65;73.27;77.40749999999866;63.49327380952369
61.12;78.73;44.36;13.09;12.55;84.1;77.96374999999865;63.42702380952369
83.17;87.77;78.73;44.36;13.09;94.46;77.347083333332;63.3065476190475
125.49;112.91;87.77;78.73;44.36;107.94;76.88791666666533;63.1930357142856
151.04;160.04;112.91;87.77;78.73;115.0;77.21666666666532;63.246726190476075
150.16;167.72;160.04;112.91;87.77;107.91;77.62083333333199;63.41166666666655
123.84;132.45;167.72;160.04;112.91;99.29;77.38624999999867;63.548749999999885
95.11;104.39;132.45;167.72;160.04;82.16;77.417083333332;63.575178571428445
